date,spot_price,open,close,high,low,basis,cost
2021-09-14,7556.6157,7135.6,7135.6,7135.6,7135.6,421.0156999999999,0.1099238905714494
2021-09-15,7592.3059,7160.2,7160.2,7160.2,7160.2,432.1059000000005,0.1128993755518591
2021-09-16,7446.9353,7017.0,7017.0,7017.0,7017.0,429.9353000000001,0.11515088989372
2021-09-17,7395.5645,6959.2,6959.2,6959.2,6959.2,436.3645000000006,0.1183312791258676
2021-09-22,7453.6247,7012.6,7012.6,7012.6,7012.6,441.0247,0.1220154959893897
2021-09-23,7502.8391,7044.4,7044.4,7044.4,7044.4,458.4391000000005,0.1267173887518492
2021-09-24,7380.3843,7016.2,7016.2,7016.2,7016.2,364.1842999999999,0.1029193557228256
2021-09-27,7170.5899,6860.0,6860.0,6860.0,6860.0,310.58989999999994,0.0919172158881545
2021-09-28,7198.8966,6870.0,6870.0,6870.0,6870.0,328.89660000000003,0.0975192162623872
2021-09-29,7010.2192,6744.2,6744.2,6744.2,6744.2,266.0191999999997,0.0814751799185159
2021-09-30,7103.6076,6781.6,6781.6,6781.6,6781.6,322.0075999999999,0.0979023955635489
2021-10-08,7091.3356,6789.6,6789.6,6789.6,6789.6,301.7356,0.0964640524056002
2021-10-11,7090.4673,6808.0,6808.0,6808.0,6808.0,282.46730000000025,0.0920299312789202
2021-10-12,6952.1903,6686.0,6686.0,6686.0,6686.0,266.1903000000002,0.0890151209626058
2021-10-13,6981.5947,6704.8,6704.8,6704.8,6704.8,276.79469999999947,0.0927622775065987
2021-10-14,7008.3326,6743.0,6743.0,6743.0,6743.0,265.33259999999973,0.0891532284611256
2021-10-15,7024.1596,6808.8,6808.8,6808.8,6808.8,215.35959999999977,0.0726677994018274
2021-10-18,7068.1048,6632.0,6632.0,6632.0,6632.0,436.10480000000007,0.0930605007301004
2021-10-19,7120.3794,6686.0,6686.0,6686.0,6686.0,434.3793999999998,0.0923936039872849
2021-10-20,7118.7959,6692.8,6692.8,6692.8,6692.8,425.9958999999999,0.0910081948807288
2021-10-21,7098.2542,6665.8,6665.8,6665.8,6665.8,432.4542000000001,0.0930429635352536
2021-10-22,7026.0676,6634.4,6634.4,6634.4,6634.4,391.6676000000007,0.0854911640017514
2021-10-25,7103.9856,6678.6,6678.6,6678.6,6678.6,425.3855999999996,0.0930048751248905
2021-10-26,7102.4335,6674.4,6674.4,6674.4,6674.4,428.03350000000046,0.0940042721808437
2021-10-27,7048.604,6606.6,6606.6,6606.6,6606.6,442.0039999999999,0.0982335934279773
2021-10-28,6950.2768,6572.2,6572.2,6572.2,6572.2,378.0767999999998,0.085582074004344
2021-10-29,7022.4992,6642.0,6642.0,6642.0,6642.0,380.4992000000002,0.0856136344812513
2021-11-01,7060.756,6675.2,6675.2,6675.2,6675.2,385.5560000000005,0.087416674222639
2021-11-02,6985.0998,6641.2,6641.2,6641.2,6641.2,343.89980000000014,0.0791637420508322
2021-11-03,7017.8541,6654.2,6654.2,6654.2,6654.2,363.6540999999997,0.0836890385608587
2021-11-04,7073.8522,6703.6,6703.6,6703.6,6703.6,370.2521999999999,0.0849086649939712
2021-11-05,6991.9077,6673.6,6673.6,6673.6,6673.6,318.3076999999994,0.0741816184183689
2021-11-08,7026.9715,6711.2,6711.2,6711.2,6711.2,315.77149999999983,0.0742173304119504
2021-11-09,7081.7539,6743.0,6743.0,6743.0,6743.0,338.7538999999997,0.0793621924519419
2021-11-10,7062.3313,6709.2,6709.2,6709.2,6709.2,353.1313,0.0833368107025319
2021-11-11,7119.8589,6762.0,6762.0,6762.0,6762.0,357.8589000000002,0.0841543958563458
2021-11-12,7156.6127,6819.0,6819.0,6819.0,6819.0,337.6126999999997,0.0793495358933373
2021-11-15,7098.2129,6776.0,6776.0,6776.0,6776.0,322.21290000000045,0.0774235344939304
2021-11-16,7045.9387,6728.2,6728.2,6728.2,6728.2,317.7386999999999,0.0772759788357446
2021-11-17,7104.5344,6765.0,6765.0,6765.0,6765.0,339.53439999999955,0.0822820614182761
2021-11-18,7084.6827,6751.0,6751.0,6751.0,6751.0,333.6827000000003,0.0814748736682429
2021-11-19,7169.8759,6855.6,6855.6,6855.6,6855.6,314.27589999999964,0.0761856206239351
2021-11-22,7255.0736,6890.8,6890.8,6890.8,6890.8,364.27359999999953,0.0885336550651779
2021-11-23,7261.3791,6907.0,6907.0,6907.0,6907.0,354.3791000000001,0.0864718268213565
2021-11-24,7256.1117,6900.8,6900.8,6900.8,6900.8,355.3117000000002,0.0871855581799392
2021-11-25,7233.5423,6895.0,6895.0,6895.0,6895.0,338.54230000000007,0.0837383910269593
2021-11-26,7219.8622,6870.0,6870.0,6870.0,6870.0,349.8621999999996,0.087129443600001
2021-11-29,7221.8978,6894.6,6894.6,6894.6,6894.6,327.29779999999937,0.082709351688693
2021-11-30,7252.7552,6895.8,6895.8,6895.8,6895.8,356.9551999999994,0.0902714631979583
2021-12-01,7272.837,6938.0,6938.0,6938.0,6938.0,334.83700000000044,0.0848705979870751
2021-12-02,7229.988,6885.8,6885.8,6885.8,6885.8,344.1880000000001,0.0882032903739904
2021-12-03,7301.9173,6942.8,6942.8,6942.8,6942.8,359.1172999999999,0.0915875012298315
2021-12-06,7240.4558,6878.0,6878.0,6878.0,6878.0,362.4557999999997,0.0946726867865249
2021-12-07,7206.8257,6845.0,6845.0,6845.0,6845.0,361.8257000000003,0.0954436475091709
2021-12-08,7302.9905,6931.0,6931.0,6931.0,6931.0,371.9904999999999,0.0973398360446667
2021-12-09,7320.3177,6963.0,6963.0,6963.0,6963.0,357.3176999999996,0.0937699886843347
2021-12-10,7306.646,7000.2,7000.2,7000.2,7000.2,306.4459999999999,0.0809966301506469
2021-12-13,7353.0306,7006.6,7006.6,7006.6,7006.6,346.4305999999997,0.0924548701384857
2021-12-14,7324.1331,7015.4,7015.4,7015.4,7015.4,308.7331000000004,0.0831664381088545
2021-12-15,7314.2586,7007.8,7007.8,7007.8,7007.8,306.45859999999993,0.0831144515988679
2021-12-16,7380.9974,7071.0,7071.0,7071.0,7071.0,309.9974000000002,0.0837692782735045
2021-12-17,7314.5601,7052.2,7052.2,7052.2,7052.2,262.3600999999999,0.0719334767665642
2021-12-20,7195.9732,6989.4,6989.4,6989.4,6989.4,206.57320000000072,0.0585361659718586
2021-12-21,7275.4675,7027.4,7027.4,7027.4,7027.4,248.0675000000001,0.0699168457235285
2021-12-22,7302.463,7052.0,7052.0,7052.0,7052.0,250.4629999999997,0.0707283963198636
2021-12-23,7337.19,7095.8,7095.8,7095.8,7095.8,241.38999999999945,0.0682291099428822
2021-12-24,7278.7556,7067.4,7067.4,7067.4,7067.4,211.3556000000008,0.060563565877348
2021-12-27,7272.7493,7068.0,7068.0,7068.0,7068.0,204.7493000000004,0.0597431649467845
2021-12-28,7286.0336,7072.0,7072.0,7072.0,7072.0,214.03359999999972,0.0627028874845209
2021-12-29,7247.7741,7059.8,7059.8,7059.8,7059.8,187.97409999999945,0.0556848826179611
2021-12-30,7310.96,7116.2,7116.2,7116.2,7116.2,194.76000000000025,0.0575349205793193
2021-12-31,7359.4024,7141.4,7141.4,7141.4,7141.4,218.0024000000003,0.0643579656232233
2022-01-04,7354.4562,7149.6,7149.6,7149.6,7149.6,204.8561999999993,0.0619937008146261
2022-01-05,7222.6747,7020.8,7020.8,7020.8,7020.8,201.8746999999994,0.0625877154053409
2022-01-06,7229.9601,7015.0,7015.0,7015.0,7015.0,214.96010000000024,0.0669884308350146
2022-01-07,7175.676,6996.4,6996.4,6996.4,6996.4,179.27600000000075,0.0566404012251758
2022-01-10,7191.4511,6989.4,6989.4,6989.4,6989.4,202.0511000000006,0.0649053453326838
2022-01-11,7135.2232,6958.8,6958.8,6958.8,6958.8,176.42320000000018,0.0574832539413424
2022-01-12,7196.9327,7014.2,7014.2,7014.2,7014.2,182.73270000000048,0.0594069281016813
2022-01-13,7097.7594,6958.2,6958.2,6958.2,6958.2,139.5594000000001,0.0463019185208441
2022-01-14,7081.1408,6943.0,6943.0,6943.0,6943.0,138.14080000000013,0.0462371312209519
2022-01-17,7157.8593,7009.2,7009.2,7009.2,7009.2,148.65930000000026,0.0502024420284834
2022-01-18,7163.1586,7024.4,7024.4,7024.4,7024.4,138.75860000000011,0.0471364583029988
2022-01-19,7118.762,7002.6,7002.6,7002.6,7002.6,116.16199999999937,0.0399729502774619
2022-01-20,7056.7854,6969.0,6969.0,6969.0,6969.0,87.78539999999975,0.030679376621971
2022-01-21,6976.6155,6905.0,6905.0,6905.0,6905.0,71.61549999999988,0.0254881180308314
2022-01-24,6979.2456,6807.0,6807.0,6807.0,6807.0,172.2456000000002,0.0383322804974795
2022-01-25,6743.9566,6588.4,6588.4,6588.4,6588.4,155.5566000000008,0.0359791320614677
2022-01-26,6782.5763,6586.6,6586.6,6586.6,6586.6,195.97629999999936,0.0452632578567525
2022-01-27,6605.9159,6420.0,6420.0,6420.0,6420.0,185.9159,0.0442780383935598
2022-01-28,6580.53,6335.0,6335.0,6335.0,6335.0,245.52999999999972,0.0589555336741353
2022-02-07,6676.6122,6428.4,6428.4,6428.4,6428.4,248.21219999999997,0.0613998857451003
2022-02-08,6742.1921,6517.0,6517.0,6517.0,6517.0,225.1921000000002,0.0554143460120472
2022-02-09,6843.0271,6605.2,6605.2,6605.2,6605.2,237.82710000000043,0.0579244381481406
2022-02-10,6840.485,6609.2,6609.2,6609.2,6609.2,231.28499999999983,0.0566104938385148
2022-02-11,6745.0235,6554.8,6554.8,6554.8,6554.8,190.2235000000001,0.0474366303743707
2022-02-14,6695.6958,6514.2,6514.2,6514.2,6514.2,181.4958000000006,0.0462327744127719
2022-02-15,6760.2776,6570.0,6570.0,6570.0,6570.0,190.27760000000035,0.0482321249634202
2022-02-16,6772.0336,6581.8,6581.8,6581.8,6581.8,190.2335999999996,0.048364324445862
2022-02-17,6768.7888,6584.0,6584.0,6584.0,6584.0,184.78880000000024,0.0472253397403832
2022-02-18,6835.0217,6642.4,6642.4,6642.4,6642.4,192.6217000000006,0.0489822672433958
2022-02-21,6867.1129,6660.2,6660.2,6660.2,6660.2,206.91290000000023,0.0531295208317306
2022-02-22,6784.7622,6622.0,6622.0,6622.0,6622.0,162.76220000000012,0.0425054447673135
2022-02-23,6887.4236,6716.8,6716.8,6716.8,6716.8,170.6235999999999,0.0441084005671424
2022-02-24,6764.8756,6621.6,6621.6,6621.6,6621.6,143.27559999999994,0.037894407249764
2022-02-25,6819.4311,6670.0,6670.0,6670.0,6670.0,149.4310999999998,0.0393994059831116
2022-02-28,6853.3081,6687.4,6687.4,6687.4,6687.4,165.90810000000056,0.0441804568074212
2022-03-01,6874.0447,6696.0,6696.0,6696.0,6696.0,178.04470000000038,0.0475068775007366
2022-03-02,6875.2404,6703.0,6703.0,6703.0,6703.0,172.24039999999968,0.0461822205790605
2022-03-03,6859.5522,6697.4,6697.4,6697.4,6697.4,162.15220000000045,0.0437979434266595
2022-03-04,6803.8337,6662.8,6662.8,6662.8,6662.8,141.03369999999995,0.038601661922646
2022-03-07,6659.3902,6512.2,6512.2,6512.2,6512.2,147.1902,0.041800356736922
2022-03-08,6429.8888,6239.6,6239.6,6239.6,6239.6,190.28879999999936,0.0562602167396733
2022-03-09,6305.6093,6080.4,6080.4,6080.4,6080.4,225.20930000000044,0.0682525308369038
2022-03-10,6414.9402,6187.8,6187.8,6187.8,6187.8,227.14019999999985,0.0680206307998582
2022-03-11,6474.1269,6293.0,6293.0,6293.0,6293.0,181.1269000000002,0.0540297311717563
2022-03-14,6323.5779,6127.8,6127.8,6127.8,6127.8,195.77790000000005,0.0607548164332931
2022-03-15,5964.9813,5662.6,5662.6,5662.6,5662.6,302.3813,0.1000154237587354
2022-03-16,6156.2714,5945.0,5945.0,5945.0,5945.0,211.27139999999963,0.0680766214447099
2022-03-17,6267.5244,6022.8,6022.8,6022.8,6022.8,244.7244000000001,0.077879474740732
2022-03-18,6332.2166,6103.6,6103.6,6103.6,6103.6,228.61659999999935,0.0724058199722406
2022-03-21,6358.943,6087.8,6087.8,6087.8,6087.8,271.14300000000003,0.0869467390322416
2022-03-22,6358.1093,6107.0,6107.0,6107.0,6107.0,251.10930000000008,0.0809855750105536
2022-03-23,6398.1009,6149.0,6149.0,6149.0,6149.0,249.1009000000004,0.0802867374118243
2022-03-24,6344.115,6103.0,6103.0,6103.0,6103.0,241.11499999999975,0.0788194461610197
2022-03-25,6268.2376,6014.4,6014.4,6014.4,6014.4,253.83760000000075,0.0844627696581621
2022-03-28,6283.2814,6060.0,6060.0,6060.0,6060.0,223.28139999999985,0.0754102627271778
2022-03-29,6253.0692,6022.6,6022.6,6022.6,6022.6,230.46919999999955,0.0786713157254918
2022-03-30,6377.8744,6187.0,6187.0,6187.0,6187.0,190.8743999999997,0.0642562927714415
2022-03-31,6324.9609,6139.0,6139.0,6139.0,6139.0,185.96090000000004,0.0634994486030418
2022-04-01,6364.5206,6197.0,6197.0,6197.0,6197.0,167.52059999999983,0.0571855241427879
2022-04-06,6356.9271,6157.4,6157.4,6157.4,6157.4,199.52710000000025,0.0702845582236481
2022-04-07,6221.5908,6002.6,6002.6,6002.6,6002.6,218.9907999999996,0.0793053116786244
2022-04-08,6224.1167,6016.4,6016.4,6016.4,6016.4,207.71669999999995,0.0756590137610852
2022-04-11,6029.8935,5803.0,5803.0,5803.0,5803.0,226.89350000000013,0.0869256987202514
2022-04-12,6126.9065,5949.8,5949.8,5949.8,5949.8,177.10649999999987,0.0672026594216878
2022-04-13,6044.3263,5851.0,5851.0,5851.0,5851.0,193.3262999999997,0.0748361270889437
2022-04-14,6126.4902,5931.0,5931.0,5931.0,5931.0,195.4902000000002,0.0751405576920013
2022-04-15,6070.7489,5868.8,5868.8,5868.8,5868.8,201.9488999999994,0.0788444931612752
2022-04-18,6074.0069,5809.4,5809.4,5809.4,5809.4,264.6069000000007,0.0657057508255873
2022-04-19,6092.3963,5836.6,5836.6,5836.6,5836.6,255.7963,0.0635889910879396
2022-04-20,5956.9208,5685.6,5685.6,5685.6,5685.6,271.3207999999995,0.0692696328389435
2022-04-21,5759.8013,5517.6,5517.6,5517.6,5517.6,242.2012999999997,0.0642190581547233
2022-04-22,5740.9844,5466.6,5466.6,5466.6,5466.6,274.3843999999999,0.0732974653339968
2022-04-25,5369.7171,5078.4,5078.4,5078.4,5078.4,291.3171000000002,0.0842635155631443
2022-04-26,5234.0059,4929.0,4929.0,4929.0,4929.0,305.0059000000001,0.0908973117969386
2022-04-27,5437.0374,5189.0,5189.0,5189.0,5189.0,248.03740000000016,0.0714647359350674
2022-04-28,5418.7641,5159.2,5159.2,5159.2,5159.2,259.5641000000005,0.0753614524739425
2022-04-29,5627.9021,5392.2,5392.2,5392.2,5392.2,235.70210000000043,0.0661755870110508
2022-05-05,5686.7023,5418.4,5418.4,5418.4,5418.4,268.3023000000003,0.0765374957879075
2022-05-06,5563.7693,5253.4,5253.4,5253.4,5253.4,310.3693000000003,0.0908980337722025
2022-05-09,5608.5162,5276.0,5276.0,5276.0,5276.0,332.5162,0.0979186508129397
2022-05-10,5690.0868,5404.6,5404.6,5404.6,5404.6,285.4867999999997,0.0832410068938585
2022-05-11,5737.8173,5434.4,5434.4,5434.4,5434.4,303.41730000000007,0.0881337751900884
2022-05-12,5743.1007,5440.4,5440.4,5440.4,5440.4,302.7007000000003,0.0882476938288467
2022-05-13,5796.8014,5515.0,5515.0,5515.0,5515.0,281.8014000000003,0.0817688435114889
2022-05-16,5791.0809,5475.0,5475.0,5475.0,5475.0,316.0809,0.0930931471293523
2022-05-17,5816.3379,5519.6,5519.6,5519.6,5519.6,296.7379000000001,0.0874252033180841
2022-05-18,5797.4896,5492.0,5492.0,5492.0,5492.0,305.4895999999999,0.0907221753230101
2022-05-19,5838.4074,5544.2,5544.2,5544.2,5544.2,294.20740000000023,0.0871705135828619
2022-05-20,5929.4882,5645.4,5645.4,5645.4,5645.4,284.08820000000014,0.0832740248338882
2022-05-23,5965.7277,5637.6,5637.6,5637.6,5637.6,328.1277,0.0969844231107447
2022-05-24,5745.6751,5433.0,5433.0,5433.0,5433.0,312.6751000000004,0.0964223866940683
2022-05-25,5844.2546,5518.8,5518.8,5518.8,5518.8,325.4546,0.0991517286638167
2022-05-26,5911.5607,5600.2,5600.2,5600.2,5600.2,311.3607000000002,0.0942376263732539
2022-05-27,5899.915,5599.0,5599.0,5599.0,5599.0,300.915,0.0917053998302364
2022-05-30,5942.8317,5614.8,5614.8,5614.8,5614.8,328.03169999999955,0.1007361276106808
2022-05-31,6026.2373,5720.0,5720.0,5720.0,5720.0,306.2372999999998,0.0932076687638492
2022-06-01,6023.644,5713.6,5713.6,5713.6,5713.6,310.04399999999987,0.0948837211454988
2022-06-02,6078.4349,5802.8,5802.8,5802.8,5802.8,275.6349,0.0840173683625225
2022-06-06,6187.4441,5911.0,5911.0,5911.0,5911.0,276.4440999999997,0.0844951132819833
2022-06-07,6186.5672,5890.0,5890.0,5890.0,5890.0,296.5672000000004,0.0911307654051939
2022-06-08,6217.8276,5935.8,5935.8,5935.8,5935.8,282.02759999999944,0.0866787086563328
2022-06-09,6130.6862,5862.2,5862.2,5862.2,5862.2,268.4862000000003,0.0841302432103982
2022-06-10,6240.1032,6004.0,6004.0,6004.0,6004.0,236.1031999999996,0.0730703455921204
2022-06-13,6233.6194,5970.4,5970.4,5970.4,5970.4,263.21939999999995,0.0828624047128039
2022-06-14,6275.5652,6051.6,6051.6,6051.6,6051.6,223.96519999999964,0.0704123489126501
2022-06-15,6261.0613,6011.0,6011.0,6011.0,6011.0,250.0613000000003,0.0792270654796108
2022-06-16,6264.822,6011.4,6011.4,6011.4,6011.4,253.42200000000048,0.0806821295685446
2022-06-17,6316.3092,6090.0,6090.0,6090.0,6090.0,226.3091999999997,0.0718555477212636
2022-06-20,6330.3942,6070.4,6070.4,6070.4,6070.4,259.9942000000001,0.0837476710296685
2022-06-21,6277.0014,6032.0,6032.0,6032.0,6032.0,245.0014000000001,0.0800367053026234
2022-06-22,6179.57,5908.8,5908.8,5908.8,5908.8,270.7699999999995,0.0903570174177642
2022-06-23,6300.4746,6082.0,6082.0,6082.0,6082.0,218.47459999999955,0.0719130791209109
2022-06-24,6368.2827,6168.6,6168.6,6168.6,6168.6,199.6826999999994,0.0653992731823916
2022-06-27,6407.7447,6180.0,6180.0,6180.0,6180.0,227.7447000000002,0.0754236414808299
2022-06-28,6501.352,6299.8,6299.8,6299.8,6299.8,201.55199999999968,0.0661729027029042
2022-06-29,6374.2974,6216.0,6216.0,6216.0,6216.0,158.29740000000038,0.0533194182956956
2022-06-30,6454.0778,6249.2,6249.2,6249.2,6249.2,204.8778000000002,0.0685593774858148
2022-07-01,6438.5375,6239.4,6239.4,6239.4,6239.4,199.13750000000076,0.067196925636488
2022-07-04,6523.1311,6311.8,6311.8,6311.8,6311.8,211.33109999999945,0.0716665052295067
2022-07-05,6511.5297,6297.4,6297.4,6297.4,6297.4,214.1297000000004,0.0731885088983383
2022-07-06,6418.5453,6225.2,6225.2,6225.2,6225.2,193.34529999999995,0.0674531551412186
2022-07-07,6452.9863,6245.2,6245.2,6245.2,6245.2,207.78629999999976,0.0725494319956546
2022-07-08,6404.4393,6218.2,6218.2,6218.2,6218.2,186.23930000000016,0.0659260727251955
2022-07-11,6319.1402,6128.6,6128.6,6128.6,6128.6,190.54019999999943,0.0696569417802531
2022-07-12,6241.4793,6053.4,6053.4,6053.4,6053.4,188.07930000000036,0.0700562162509903
2022-07-13,6268.4943,6066.6,6066.6,6066.6,6066.6,201.89429999999996,0.075357952264672
2022-07-14,6302.4319,6139.8,6139.8,6139.8,6139.8,162.6318999999994,0.0607657329146843
2022-07-15,6196.7999,6028.6,6028.6,6028.6,6028.6,168.19989999999962,0.0657696396092836
2022-07-18,6312.3557,6059.6,6059.6,6059.6,6059.6,252.7556999999997,0.0600621333807281
2022-07-19,6335.7093,6095.2,6095.2,6095.2,6095.2,240.50930000000065,0.0572823335145211
2022-07-20,6410.7088,6190.2,6190.2,6190.2,6190.2,220.5088000000005,0.0522170495086567
2022-07-21,6347.5984,6134.2,6134.2,6134.2,6134.2,213.39840000000004,0.0513450183558614
2022-07-22,6289.5325,6052.0,6052.0,6052.0,6052.0,237.53250000000023,0.0580311753559798
2022-07-25,6231.2355,5965.2,5965.2,5965.2,5965.2,266.0355,0.066005232387584
2022-07-26,6307.956,6058.4,6058.4,6058.4,6058.4,249.5560000000005,0.0615410478802044
2022-07-27,6332.2327,6085.4,6085.4,6085.4,6085.4,246.83269999999996,0.0610127348577396
2022-07-28,6348.1655,6095.8,6095.8,6095.8,6095.8,252.36549999999988,0.0626126811753726
2022-07-29,6294.1144,6036.8,6036.8,6036.8,6036.8,257.3144000000002,0.064793714117526
2022-08-01,6347.2211,6092.2,6092.2,6092.2,6092.2,255.02109999999996,0.0640819828891813
2022-08-02,6169.9961,5963.4,5963.4,5963.4,5963.4,206.59610000000063,0.0537450062538763
2022-08-03,6124.3146,5896.4,5896.4,5896.4,5896.4,227.9146000000001,0.0601160721661063
2022-08-04,6158.7346,5906.2,5906.2,5906.2,5906.2,252.53459999999995,0.0666650551779717
2022-08-05,6270.5113,6036.2,6036.2,6036.2,6036.2,234.3113000000003,0.0611462881677753
2022-08-08,6323.0746,6070.4,6070.4,6070.4,6070.4,252.67460000000028,0.0658176529202684
2022-08-09,6341.4806,6088.4,6088.4,6088.4,6088.4,253.08060000000023,0.0661645160180482
2022-08-10,6322.0558,6071.0,6071.0,6071.0,6071.0,251.0558000000001,0.0662728317578834
2022-08-11,6439.3586,6202.4,6202.4,6202.4,6202.4,236.95859999999996,0.0618214441419677
2022-08-12,6420.853,6198.4,6198.4,6198.4,6198.4,222.45300000000043,0.0585948992913137
2022-08-15,6442.8093,6207.0,6207.0,6207.0,6207.0,235.8092999999999,0.0623195742317613
2022-08-16,6465.1866,6231.8,6231.8,6231.8,6231.8,233.38659999999985,0.0618839546387901
2022-08-17,6493.5047,6274.0,6274.0,6274.0,6274.0,219.5047000000004,0.0583461695234313
2022-08-18,6468.8056,6254.2,6254.2,6254.2,6254.2,214.60559999999987,0.0576566611328979
2022-08-19,6391.7159,6163.6,6163.6,6163.6,6163.6,228.11589999999975,0.0624562842350361
2022-08-22,6472.6799,6236.0,6236.0,6236.0,6236.0,236.6799000000001,0.0644379551880292
2022-08-23,6466.4045,6240.0,6240.0,6240.0,6240.0,226.40449999999964,0.0621347253494013
2022-08-24,6284.5769,6057.4,6057.4,6057.4,6057.4,227.1769000000004,0.0646055089821086
2022-08-25,6322.6961,6080.0,6080.0,6080.0,6080.0,242.6961000000001,0.0690928320910442
2022-08-26,6298.3739,6071.8,6071.8,6071.8,6071.8,226.5738999999994,0.0652179557811891
2022-08-29,6310.402,6069.0,6069.0,6069.0,6069.0,241.40200000000004,0.0698562537661247
2022-08-30,6285.9273,6061.8,6061.8,6061.8,6061.8,224.1273000000001,0.0655851293005768
2022-08-31,6155.7455,5941.2,5941.2,5941.2,5941.2,214.54550000000015,0.0645803487451635
2022-09-01,6126.7685,5916.0,5916.0,5916.0,5916.0,210.76850000000013,0.0642156682325003
2022-09-02,6149.4273,5936.4,5936.4,5936.4,5936.4,213.02730000000065,0.0651472868827334
2022-09-05,6182.6465,5958.4,5958.4,5958.4,5958.4,224.2465000000002,0.0687226910455188
2022-09-06,6291.5707,6072.4,6072.4,6072.4,6072.4,219.17070000000055,0.0665043453948776
2022-09-07,6301.5644,6097.4,6097.4,6097.4,6097.4,204.16440000000057,0.0623247984734887
2022-09-08,6272.5752,6075.0,6075.0,6075.0,6075.0,197.57520000000025,0.0610581641418737
2022-09-09,6316.9724,6122.0,6122.0,6122.0,6122.0,194.97239999999965,0.0602941238557681
2022-09-13,6300.422,6110.2,6110.2,6110.2,6110.2,190.22199999999972,0.0594403934371379
2022-09-14,6249.963,6074.2,6074.2,6074.2,6074.2,175.76299999999992,0.055801622944033
2022-09-15,6107.7964,5915.0,5915.0,5915.0,5915.0,192.79640000000015,0.0631312464835927
2022-09-16,5954.5037,5763.4,5763.4,5763.4,5763.4,191.10370000000057,0.0647014560088359
2022-09-19,5913.1493,5721.2,5721.2,5721.2,5721.2,191.94930000000025,0.0659700090615378
2022-09-20,5958.2922,5759.4,5759.4,5759.4,5759.4,198.89220000000023,0.0683898078272471
2022-09-21,5978.581,5792.8,5792.8,5792.8,5792.8,185.78099999999995,0.0641865286521563
2022-09-22,5965.8854,5791.2,5791.2,5791.2,5791.2,174.6854000000003,0.0609813272506635
2022-09-23,5889.6019,5737.0,5737.0,5737.0,5737.0,152.60189999999966,0.0544118253561415
2022-09-26,5806.3181,5661.0,5661.0,5661.0,5661.0,145.3181000000004,0.0529995845489113
2022-09-27,5920.0531,5777.8,5777.8,5777.8,5777.8,142.2530999999999,0.0513162214596019
2022-09-28,5769.5198,5644.2,5644.2,5644.2,5644.2,125.3198000000002,0.0467837148649303
2022-09-29,5771.8812,5668.8,5668.8,5668.8,5668.8,103.08119999999964,0.0387975796677267
2022-09-30,5714.0629,5596.0,5596.0,5596.0,5596.0,118.0628999999999,0.045276321002164
2022-10-11,5684.5063,5576.8,5576.8,5576.8,5576.8,107.70629999999984,0.042254255313425
2022-10-14,5973.4389,5865.4,5865.4,5865.4,5865.4,108.03890000000048,0.0414346413054998
2022-10-17,6015.5963,5888.0,5888.0,5888.0,5888.0,127.59630000000016,0.0490380780262706
2022-10-20,5948.8621,5838.6,5838.6,5838.6,5838.6,110.26209999999992,0.044064316034934
2022-10-24,5896.9031,5705.4,5705.4,5705.4,5705.4,191.5031000000008,0.0484245566699572
2022-10-25,5869.781,5685.6,5685.6,5685.6,5685.6,184.1809999999996,0.0470667474646838
2022-10-26,5971.6009,5796.4,5796.4,5796.4,5796.4,175.20090000000073,0.0442720495233437
2022-10-27,5963.0037,5795.4,5795.4,5795.4,5795.4,167.60370000000057,0.0426688537070874
2022-10-28,5781.7972,5617.4,5617.4,5617.4,5617.4,164.39720000000034,0.043425833061042
2022-10-31,5807.1063,5646.8,5646.8,5646.8,5646.8,160.3063000000002,0.0424177381829822
2022-11-01,5941.1451,5802.8,5802.8,5802.8,5802.8,138.34509999999955,0.0360003363805891
2022-11-02,5997.8038,5834.4,5834.4,5834.4,5834.4,163.40380000000005,0.0423794604433191
2022-11-03,5996.7187,5841.8,5841.8,5841.8,5841.8,154.91870000000017,0.0404356875166182
2022-11-04,6133.4629,6000.0,6000.0,6000.0,6000.0,133.46290000000045,0.0342716783205781
2022-11-07,6141.4088,5990.4,5990.4,5990.4,5990.4,151.00880000000052,0.0389706514711727
2022-11-08,6134.2564,6004.8,6004.8,6004.8,6004.8,129.45640000000003,0.0336592980621028
2022-11-09,6120.8286,5992.0,5992.0,5992.0,5992.0,128.82859999999982,0.03378336904663
2022-11-10,6089.6951,5993.8,5993.8,5993.8,5993.8,95.89509999999972,0.0254376396005062
2022-11-11,6138.6211,6032.8,6032.8,6032.8,6032.8,105.82110000000011,0.0280265916879564
2022-11-14,6129.5129,6019.6,6019.6,6019.6,6019.6,109.91289999999935,0.0293428655199129
2022-11-15,6236.3838,6107.2,6107.2,6107.2,6107.2,129.1837999999998,0.0341180601564417
2022-11-16,6203.9174,6086.0,6086.0,6086.0,6086.0,117.91740000000028,0.0315114828643762
2022-11-17,6217.2052,6104.8,6104.8,6104.8,6104.8,112.40520000000016,0.0301727430677916
2022-11-18,6191.6477,6117.0,6117.0,6117.0,6117.0,74.64770000000044,0.0202544043324688
2022-11-21,6189.7092,6107.4,6107.4,6107.4,6107.4,82.3092000000006,0.0224901528556898
2022-11-22,6125.3999,6039.4,6039.4,6039.4,6039.4,85.99990000000071,0.0239057473067453
2022-11-23,6115.6049,6019.2,6019.2,6019.2,6019.2,96.40490000000044,0.0270235807511279
2022-11-24,6120.0659,6019.0,6019.0,6019.0,6019.0,101.0658999999996,0.0285033715615327
2022-11-25,6087.8591,5993.2,5993.2,5993.2,5993.2,94.65909999999984,0.0270227981436375
2022-11-28,6055.2843,5984.8,5984.8,5984.8,5984.8,70.48430000000008,0.0203702285291543
2022-11-29,6163.8214,6071.0,6071.0,6071.0,6071.0,92.8213999999998,0.0265376566919631
2022-11-30,6156.1465,6056.0,6056.0,6056.0,6056.0,100.14649999999985,0.028869484286621
2022-12-01,6186.1021,6081.8,6081.8,6081.8,6081.8,104.30209999999988,0.0301340425386427
2022-12-02,6168.0127,6069.4,6069.4,6069.4,6069.4,98.6127000000006,0.0287779660375863
2022-12-05,6215.1244,6093.4,6093.4,6093.4,6093.4,121.72440000000006,0.0355069654268295
2022-12-12,6154.8092,6054.8,6054.8,6054.8,6054.8,100.00919999999952,0.0305577308529846
2022-12-13,6121.6615,6036.4,6036.4,6036.4,6036.4,85.26150000000052,0.0263895847986954
2022-12-14,6096.3856,6011.4,6011.4,6011.4,6011.4,84.98559999999998,0.0266133487953315
2022-12-15,6101.8787,6017.0,6017.0,6017.0,6017.0,84.87870000000021,0.0267586620369337
2022-12-16,6072.8627,6019.4,6019.4,6019.4,6019.4,53.46270000000004,0.0170653269820027
2022-12-19,5936.4751,5903.0,5903.0,5903.0,5903.0,33.47509999999966,0.0110154961493311
2022-12-20,5878.0314,5841.8,5841.8,5841.8,5841.8,36.23139999999967,0.0121351118930734
2022-12-21,5845.835,5806.2,5806.2,5806.2,5806.2,39.63500000000022,0.0134533093684057
2022-12-22,5779.0555,5746.0,5746.0,5746.0,5746.0,33.05550000000039,0.0114397586249173
2022-12-23,5763.3458,5735.0,5735.0,5735.0,5735.0,28.34580000000005,0.0099152705360834
2022-12-27,5885.6622,5843.4,5843.4,5843.4,5843.4,42.26220000000012,0.0147113388076718
2022-12-28,5862.0967,5829.0,5829.0,5829.0,5829.0,33.096700000000055,0.0116619835714815
2022-12-29,5857.4021,5816.2,5816.2,5816.2,5816.2,41.20210000000043,0.0146497253844679
2022-12-30,5864.4669,5805.8,5805.8,5805.8,5805.8,58.66690000000017,0.0210079606724356
2023-01-03,5955.8969,5882.4,5882.4,5882.4,5882.4,73.4969000000001,0.0285296138239247
2023-01-04,5952.4538,5877.8,5877.8,5877.8,5877.8,74.65380000000005,0.0292639314563012
2023-01-05,6010.4641,5936.2,5936.2,5936.2,5936.2,74.26410000000033,0.0290996441281698
2023-01-06,6012.8152,5953.8,5953.8,5953.8,5953.8,59.01519999999982,0.0233335437936712
2023-01-09,6040.0193,5960.2,5960.2,5960.2,5960.2,79.81930000000011,0.0317161768009582
2023-01-10,6048.2968,5974.0,5974.0,5974.0,5974.0,74.29680000000008,0.0297648854696518
2023-01-11,6014.1565,5948.0,5948.0,5948.0,5948.0,66.15650000000005,0.0269129380585994
2023-01-12,6015.2871,5946.0,5946.0,5946.0,5946.0,69.28709999999955,0.0284574769702423
2023-01-13,6057.6902,6009.8,6009.8,6009.8,6009.8,47.89019999999982,0.0197250793383226
2023-01-16,6126.1772,6068.2,6068.2,6068.2,6068.2,57.977200000000266,0.0238488929115535
2023-01-17,6132.6391,6084.8,6084.8,6084.8,6084.8,47.839100000000144,0.0198564194891975
2023-01-18,6151.4557,6107.4,6107.4,6107.4,6107.4,44.0557000000008,0.0184161426561663
2023-01-19,6204.3261,6170.2,6170.2,6170.2,6170.2,34.126100000000406,0.0142896255738745
2023-01-20,6251.4337,6202.4,6202.4,6202.4,6202.4,49.03369999999995,0.0205894309492556
2023-01-30,6283.3272,6156.6,6156.6,6156.6,6156.6,126.72719999999936,0.0321679672023348
2023-01-31,6289.15,6176.8,6176.8,6176.8,6176.8,112.34999999999944,0.0286735861088433
2023-02-01,6365.9051,6229.4,6229.4,6229.4,6229.4,136.5051000000003,0.0346389452870635
2023-02-02,6370.1411,6244.8,6244.8,6244.8,6244.8,125.34109999999964,0.0319899301810218
2023-02-03,6343.6861,6217.4,6217.4,6217.4,6217.4,126.28610000000026,0.0325756947239527
2023-02-06,6302.3349,6189.0,6189.0,6189.0,6189.0,113.33489999999983,0.0296190618272004
2023-02-07,6317.2377,6189.6,6189.6,6189.6,6189.6,127.63769999999931,0.0334972152547988
2023-02-08,6268.2759,6140.0,6140.0,6140.0,6140.0,128.27589999999964,0.0341523474459445
2023-02-09,6354.562,6235.0,6235.0,6235.0,6235.0,119.5619999999999,0.0316094421613952
2023-02-10,6334.252,6214.2,6214.2,6214.2,6214.2,120.0520000000006,0.0320544503822951
2023-02-13,6383.8279,6235.8,6235.8,6235.8,6235.8,148.02790000000005,0.0394821898950949
2023-02-14,6397.2146,6250.0,6250.0,6250.0,6250.0,147.21460000000025,0.0394496513708147
2023-02-15,6384.3479,6240.2,6240.2,6240.2,6240.2,144.14789999999994,0.0389708124548685
2023-02-16,6289.4786,6164.0,6164.0,6164.0,6164.0,125.47860000000036,0.0346726918036494
2023-02-17,6237.4053,6114.0,6114.0,6114.0,6114.0,123.40530000000037,0.0346232551218053
2023-02-20,6346.0678,6187.2,6187.2,6187.2,6187.2,158.8678,0.0441159541919228
2023-02-21,6383.4248,6217.2,6217.2,6217.2,6217.2,166.22479999999996,0.0462119472513947
2023-02-22,6375.0684,6226.0,6226.0,6226.0,6226.0,149.0684000000001,0.041790942846815
2023-02-23,6360.3202,6213.6,6213.6,6213.6,6213.6,146.72019999999975,0.0415224944178124
2023-02-24,6340.8435,6201.2,6201.2,6201.2,6201.2,139.64350000000013,0.0399263336326666
2023-02-27,6307.2057,6157.0,6157.0,6157.0,6157.0,150.20570000000043,0.043488143975583
2023-02-28,6357.5352,6206.2,6206.2,6206.2,6206.2,151.33520000000044,0.0437855848726237
2023-03-01,6402.1411,6247.8,6247.8,6247.8,6247.8,154.34109999999964,0.0446702087543437
2023-03-02,6382.2322,6238.8,6238.8,6238.8,6238.8,143.4322000000002,0.0419508564208408
2023-03-03,6390.3177,6232.0,6232.0,6232.0,6232.0,158.3176999999996,0.0465910785671657
2023-03-06,6395.2191,6213.2,6213.2,6213.2,6213.2,182.01910000000044,0.0539275182513829
2023-03-07,6284.2986,6130.0,6130.0,6130.0,6130.0,154.29860000000008,0.0468739748530495
2023-03-08,6301.5157,6136.8,6136.8,6136.8,6136.8,164.71569999999974,0.0502827728323754
2023-03-09,6285.9521,6119.4,6119.4,6119.4,6119.4,166.5521000000008,0.0513613267908932
2023-03-10,6204.8989,6045.0,6045.0,6045.0,6045.0,159.89890000000014,0.0503409720117221
2023-03-13,6245.0029,6073.2,6073.2,6073.2,6073.2,171.8029000000006,0.0541612173430697
2023-03-14,6189.3969,6020.0,6020.0,6020.0,6020.0,169.39689999999973,0.0543067665095874
2023-03-15,6224.64,6046.8,6046.8,6046.8,6046.8,177.84000000000017,0.057140653917335
2023-03-16,6140.8317,5981.0,5981.0,5981.0,5981.0,159.83169999999973,0.052471834914479
2023-03-17,6183.1843,6028.2,6028.2,6028.2,6028.2,154.98430000000008,0.0509394639180312
2023-03-20,6160.3541,6026.0,6026.0,6026.0,6026.0,134.35409999999956,0.0446828305756944
2023-03-21,6234.6793,6088.6,6088.6,6088.6,6088.6,146.07929999999942,0.0483966465591585
2023-03-22,6269.7384,6120.0,6120.0,6120.0,6120.0,149.73840000000018,0.049739216293325
2023-03-23,6305.7585,6159.4,6159.4,6159.4,6159.4,146.35850000000028,0.0487416145099753
2023-03-24,6310.0979,6170.6,6170.6,6170.6,6170.6,139.4978999999994,0.0468150133846667
2023-03-27,6311.5998,6161.8,6161.8,6161.8,6161.8,149.79979999999978,0.0506862677332829
2023-03-28,6279.9217,6160.0,6160.0,6160.0,6160.0,119.92169999999987,0.0411299542648265
2023-03-29,6260.551,6136.8,6136.8,6136.8,6136.8,123.7510000000002,0.042941648316633
2023-03-30,6286.1773,6170.8,6170.8,6170.8,6170.8,115.3773000000001,0.0402194795126817
2023-03-31,6339.8183,6215.0,6215.0,6215.0,6215.0,124.81829999999992,0.0435208272202541
2023-04-03,6413.8073,6271.0,6271.0,6271.0,6271.0,142.8073000000004,0.0496542695964938
2023-04-04,6408.8994,6284.0,6284.0,6284.0,6284.0,124.89940000000024,0.0438489719467277
2023-04-06,6416.8456,6272.0,6272.0,6272.0,6272.0,144.84559999999965,0.0512461542567673
2023-04-07,6464.4664,6317.2,6317.2,6317.2,6317.2,147.26640000000043,0.0521889841589176
2023-04-10,6410.5218,6288.2,6288.2,6288.2,6288.2,122.32180000000062,0.0441148213322061
2023-04-11,6420.877,6290.0,6290.0,6290.0,6290.0,130.8770000000004,0.0475604293099942
2023-04-12,6443.4391,6308.0,6308.0,6308.0,6308.0,135.4390999999996,0.0495043194075844
2023-04-13,6404.6463,6281.6,6281.6,6281.6,6281.6,123.04629999999996,0.0456738986566261
2023-04-14,6431.0688,6292.0,6292.0,6292.0,6292.0,139.0688,0.0518988569986998
2023-04-17,6459.2396,6324.0,6324.0,6324.0,6324.0,135.23959999999988,0.0507328995577364
2023-04-18,6449.8531,6311.2,6311.2,6311.2,6311.2,138.65310000000045,0.0525948325380188
2023-04-19,6416.9696,6280.0,6280.0,6280.0,6280.0,136.96960000000036,0.0527344686739581
2023-04-20,6411.7564,6281.0,6281.0,6281.0,6281.0,130.7564000000002,0.0508821094776946
2023-04-21,6250.5446,6139.8,6139.8,6139.8,6139.8,110.7446,0.0446483322429216
2023-04-24,6208.7797,6056.0,6056.0,6056.0,6056.0,152.77970000000005,0.03924667385102
2023-04-25,6118.1526,5969.8,5969.8,5969.8,5969.8,148.35260000000017,0.0389202611283816
2023-04-26,6142.1541,5987.0,5987.0,5987.0,5987.0,155.15409999999974,0.0408054799787334
2023-04-27,6157.936,6034.0,6034.0,6034.0,6034.0,123.9359999999997,0.0327213450070114
2023-04-28,6241.2441,6112.0,6112.0,6112.0,6112.0,129.2440999999999,0.0338859275596263
2023-05-04,6262.3891,6119.0,6119.0,6119.0,6119.0,143.38910000000033,0.0377124893681457
2023-05-05,6200.5759,6060.0,6060.0,6060.0,6060.0,140.57589999999982,0.0375868384639629
2023-05-08,6248.5828,6091.2,6091.2,6091.2,6091.2,157.38280000000032,0.0420338656737053
2023-05-09,6181.9757,6048.2,6048.2,6048.2,6048.2,133.77570000000014,0.0363545874177409
2023-05-10,6173.8093,6039.6,6039.6,6039.6,6039.6,134.20929999999953,0.0367657705876723
2023-05-11,6154.4703,6018.4,6018.4,6018.4,6018.4,136.07030000000032,0.0376453628458598
2023-05-12,6091.6464,5961.0,5961.0,5961.0,5961.0,130.64639999999963,0.0367659648043354
2023-05-15,6159.3888,6035.6,6035.6,6035.6,6035.6,123.78879999999936,0.0346889711320012
2023-05-16,6110.8271,5996.6,5996.6,5996.6,5996.6,114.22710000000006,0.0324864079477826
2023-05-17,6122.0518,5998.4,5998.4,5998.4,5998.4,123.65180000000056,0.0353460991623757
2023-05-18,6128.1762,6005.0,6005.0,6005.0,6005.0,123.17619999999988,0.0354209382962831
2023-05-19,6117.0833,6014.6,6014.6,6014.6,6014.6,102.48329999999989,0.029731779495464
2023-05-22,6115.3151,6006.6,6006.6,6006.6,6006.6,108.71509999999944,0.0317725782698545
2023-05-23,6052.4297,5948.6,5948.6,5948.6,5948.6,103.82969999999932,0.0308790798511875
2023-05-24,6005.7913,5906.2,5906.2,5906.2,5906.2,99.59130000000005,0.0300633176365604
2023-05-25,5988.1885,5879.2,5879.2,5879.2,5879.2,108.9885000000004,0.0332358405652845
2023-05-26,6034.9834,5930.4,5930.4,5930.4,5930.4,104.58340000000044,0.0318762078784608
2023-05-29,6025.1552,5923.2,5923.2,5923.2,5923.2,101.95520000000032,0.0313547090430624
2023-05-30,6061.3089,5959.0,5959.0,5959.0,5959.0,102.3089,0.0315074873239562
2023-05-31,6047.8021,5947.2,5947.2,5947.2,5947.2,100.60210000000006,0.0312827711335369
2023-06-01,6051.4603,5966.0,5966.0,5966.0,5966.0,85.46029999999973,0.0267579676507781
2023-06-02,6105.2181,6007.0,6007.0,6007.0,6007.0,98.21810000000004,0.0307126262726276
2023-06-05,6097.1059,5991.6,5991.6,5991.6,5991.6,105.5058999999992,0.0332875823107837
2023-06-06,5983.4202,5875.0,5875.0,5875.0,5875.0,108.42019999999955,0.0351251258757168
2023-06-07,5987.011,5881.8,5881.8,5881.8,5881.8,105.21100000000024,0.0343290608813445
2023-06-08,5966.1477,5871.4,5871.4,5871.4,5871.4,94.7477000000008,0.0312654905233072
2023-06-09,6009.5826,5921.4,5921.4,5921.4,5921.4,88.1826000000001,0.0291162480465441
2023-06-12,6027.7122,5931.0,5931.0,5931.0,5931.0,96.71219999999994,0.0320891896597186
2023-06-13,6044.0371,5951.0,5951.0,5951.0,5951.0,93.03709999999955,0.0310327005769039
2023-06-14,6044.0766,5952.8,5952.8,5952.8,5952.8,91.27660000000014,0.0306908099827214
2023-06-15,6096.8075,6010.4,6010.4,6010.4,6010.4,86.40750000000025,0.0290365080412987
2023-06-16,6148.0125,6057.6,6057.6,6057.6,6057.6,90.41249999999944,0.03037627014008
2023-06-19,6131.3849,6041.8,6041.8,6041.8,6041.8,89.58489999999983,0.0304292608907656
2023-06-20,6126.1133,6037.4,6037.4,6037.4,6037.4,88.71330000000034,0.0304104610667257
2023-06-21,5990.8455,5912.4,5912.4,5912.4,5912.4,78.44550000000072,0.0277289545111691
2023-06-26,5887.0324,5831.0,5831.0,5831.0,5831.0,56.03240000000005,0.020326440459088
2023-06-27,5948.0029,5863.8,5863.8,5863.8,5863.8,84.20290000000023,0.0304909219710859
2023-06-28,5942.3112,5869.8,5869.8,5869.8,5869.8,72.51119999999992,0.02650893326396
2023-06-29,5940.5782,5864.8,5864.8,5864.8,5864.8,75.77819999999974,0.0279523463104036
2023-06-30,5998.7293,5930.0,5930.0,5930.0,5930.0,68.72929999999997,0.0253266848223655
2023-07-03,6042.3122,5958.4,5958.4,5958.4,5958.4,83.91220000000067,0.0309702024099993
2023-07-04,6055.2577,5970.2,5970.2,5970.2,5970.2,85.0577000000003,0.0316055623858916
2023-07-05,6020.8212,5940.0,5940.0,5940.0,5940.0,80.82120000000032,0.0304752394187637
2023-07-06,5988.5525,5900.4,5900.4,5900.4,5900.4,88.15250000000015,0.0337225671205794
2023-07-07,5961.6057,5884.8,5884.8,5884.8,5884.8,76.80569999999989,0.0297854554997495
2023-07-10,5984.2814,5902.4,5902.4,5902.4,5902.4,81.88140000000021,0.031926406401945
2023-07-11,6029.2318,5953.0,5953.0,5953.0,5953.0,76.23179999999957,0.0297776867197133
2023-07-12,5962.7938,5899.4,5899.4,5899.4,5899.4,63.39380000000074,0.0252750294130994
2023-07-13,6044.0583,5993.0,5993.0,5993.0,5993.0,51.05829999999969,0.0202744437458518
2023-07-14,6030.5188,5971.0,5971.0,5971.0,5971.0,59.51879999999983,0.0239147966455606
2023-07-17,6012.6895,5947.8,5947.8,5947.8,5947.8,64.88950000000023,0.0264039539542212
2023-07-18,6001.7998,5938.2,5938.2,5938.2,5938.2,63.59979999999996,0.0261802997239359
2023-07-19,5993.4126,5933.8,5933.8,5933.8,5933.8,59.61259999999948,0.0248166442134837
2023-07-20,5925.4843,5880.0,5880.0,5880.0,5880.0,45.48430000000008,0.0193436401476922
2023-07-21,5925.6255,5894.2,5894.2,5894.2,5894.2,31.425500000000284,0.0134993650574412
2023-07-24,5916.7141,5855.2,5855.2,5855.2,5855.2,61.514100000000326,0.0160733731200961
2023-07-25,6016.6312,5959.6,5959.6,5959.6,5959.6,57.03119999999944,0.0147449955051257
2023-07-26,6001.5402,5954.0,5954.0,5954.0,5954.0,47.54020000000037,0.012398608581525
2023-07-27,5961.1843,5918.0,5918.0,5918.0,5918.0,43.18429999999989,0.0114096912756077
2023-07-28,6043.2438,6006.0,6006.0,6006.0,6006.0,37.24380000000019,0.0097675869760479
2023-07-31,6088.2431,6050.0,6050.0,6050.0,6050.0,38.243099999999686,0.0100185427961364
2023-08-01,6098.8789,6064.2,6064.2,6064.2,6064.2,34.678899999999885,0.0091267507821315
2023-08-02,6077.4645,6039.0,6039.0,6039.0,6039.0,38.46450000000005,0.0102238296148766
2023-08-03,6098.6868,6051.2,6051.2,6051.2,6051.2,47.486800000000585,0.0126591753828795
2023-08-04,6128.556,6092.4,6092.4,6092.4,6092.4,36.15599999999995,0.0096538831718864
2023-08-07,6090.7307,6081.0,6081.0,6081.0,6081.0,9.73070000000007,0.0026313813700739
2023-08-08,6066.1019,6062.8,6062.8,6062.8,6062.8,3.3018999999994776,0.0009024251029442
2023-08-09,6021.7506,6028.6,6028.6,6028.6,6028.6,-6.84940000000006,-0.0018982497805483
2023-08-10,6031.7105,6022.6,6022.6,6022.6,6022.6,9.110499999999774,0.0025375289480487
2023-08-11,5913.3502,5900.4,5900.4,5900.4,5900.4,12.950200000000224,0.0037038820528256
2023-08-14,5916.8029,5900.0,5900.0,5900.0,5900.0,16.80289999999968,0.0048354396329887
2023-08-15,5879.7782,5870.8,5870.8,5870.8,5870.8,8.97819999999956,0.0026176497610061
2023-08-16,5833.2155,5834.0,5834.0,5834.0,5834.0,-0.7844999999997526,-0.0002321307164376
2023-08-17,5874.3609,5869.2,5869.2,5869.2,5869.2,5.160899999999856,0.0015268534617717
2023-08-18,5777.7972,5785.2,5785.2,5785.2,5785.2,-7.402799999999843,-0.0022421866935723
2023-08-21,5710.7783,5710.0,5710.0,5710.0,5710.0,0.7782999999999447,0.0002401686036997
2023-08-22,5741.0606,5733.0,5733.0,5733.0,5733.0,8.060599999999795,0.002491652284695
2023-08-23,5629.4999,5636.2,5636.2,5636.2,5636.2,-6.70010000000002,-0.0021271244375562
2023-08-24,5652.6729,5647.0,5647.0,5647.0,5647.0,5.672899999999572,0.0018064409847594
2023-08-25,5581.2116,5580.0,5580.0,5580.0,5580.0,1.2115999999996347,0.0003935650431479
2023-08-28,5644.1405,5642.4,5642.4,5642.4,5642.4,1.740500000000793,0.0005631157388494
2023-08-29,5770.3155,5766.2,5766.2,5766.2,5766.2,4.115499999999884,0.0013119069119047
2023-08-30,5775.1534,5764.0,5764.0,5764.0,5764.0,11.153400000000149,0.0035785359602131
2023-08-31,5739.3984,5733.4,5733.4,5733.4,5733.4,5.998400000000402,0.0019509036580095
2023-09-01,5750.8027,5735.4,5735.4,5735.4,5735.4,15.40270000000055,0.0050369093069028
2023-09-04,5829.784,5819.0,5819.0,5819.0,5819.0,10.78399999999965,0.0035049055171276
2023-09-05,5788.7149,5766.2,5766.2,5766.2,5766.2,22.514900000000125,0.0074253079745024
2023-09-06,5790.3806,5759.6,5759.6,5759.6,5759.6,30.78060000000005,0.0102258452368161
2023-09-07,5702.7008,5675.0,5675.0,5675.0,5675.0,27.700799999999617,0.0094160534223739
2023-09-08,5708.6227,5665.2,5665.2,5665.2,5665.2,43.42270000000008,0.014859230324485
2023-09-11,5774.7305,5723.4,5723.4,5723.4,5723.4,51.33050000000003,0.0174998507506107
2023-09-12,5770.9259,5743.6,5743.6,5743.6,5743.6,27.32589999999982,0.0093956276350977
2023-09-13,5715.3973,5690.0,5690.0,5690.0,5690.0,25.397299999999632,0.0088873261706582
2023-09-14,5702.102,5682.0,5682.0,5682.0,5682.0,20.10199999999986,0.0071071390866034
2023-09-15,5704.6632,5690.0,5690.0,5690.0,5690.0,14.66319999999996,0.0052236925138039
2023-09-18,5719.6887,5716.4,5716.4,5716.4,5716.4,3.2887000000000626,0.0011780054376462
2023-09-19,5687.9007,5700.0,5700.0,5700.0,5700.0,-12.099299999999856,-0.0043938876642679
2023-09-20,5651.0062,5662.0,5662.0,5662.0,5662.0,-10.993800000000192,-0.0040516994145922
2023-09-21,5611.9186,5615.6,5615.6,5615.6,5615.6,-3.6814000000003935,-0.0013775930392149
2023-09-22,5698.8168,5715.8,5715.8,5715.8,5715.8,-16.98320000000058,-0.0063108579888746
2023-09-25,5666.6642,5677.4,5677.4,5677.4,5677.4,-10.735799999999472,-0.0040459961779478
2023-09-26,5646.6544,5661.4,5661.4,5661.4,5661.4,-14.745599999999286,-0.0056245258867183
2023-09-27,5674.3451,5688.4,5688.4,5688.4,5688.4,-14.054900000000089,-0.0053808956069115
2023-09-28,5690.7697,5679.4,5679.4,5679.4,5679.4,11.369700000000194,0.004378049781821
2023-10-09,5658.0832,5650.0,5650.0,5650.0,5650.0,8.083200000000033,0.0031579822502061
2023-10-10,5630.3714,5619.8,5619.8,5619.8,5619.8,10.571399999999812,0.0041871407492094
2023-10-11,5629.7886,5609.6,5609.6,5609.6,5609.6,20.188599999999497,0.0080685711715709
2023-10-12,5671.6419,5651.0,5651.0,5651.0,5651.0,20.641899999999623,0.0082626323590512
2023-10-13,5633.3831,5631.8,5631.8,5631.8,5631.8,1.5830999999998312,0.0006437939897639
2023-10-16,5580.6666,5584.0,5584.0,5584.0,5584.0,-3.333400000000438,-0.0013809418657602
2023-10-17,5595.3423,5581.4,5581.4,5581.4,5581.4,13.942300000000614,0.0058141274633608
2023-10-18,5524.5988,5525.6,5525.6,5525.6,5525.6,-1.0012000000006085,-0.0004268122338841
2023-10-19,5464.027,5460.6,5460.6,5460.6,5460.6,3.42699999999968,0.0014910628273193
2023-10-20,5423.6748,5417.8,5417.8,5417.8,5417.8,5.874799999999596,0.0025996248890141
2023-10-23,5290.3343,5210.4,5210.4,5210.4,5210.4,79.9343000000008,0.0218827224664007
2023-10-24,5352.0123,5249.8,5249.8,5249.8,5249.8,102.21230000000014,0.0278189347443868
2023-10-25,5375.9983,5287.0,5287.0,5287.0,5287.0,88.9983000000002,0.0242546315796891
2023-10-26,5398.934,5308.0,5308.0,5308.0,5308.0,90.9340000000002,0.0248211961842838
2023-10-27,5492.0274,5423.0,5423.0,5423.0,5423.0,69.02739999999994,0.0186311833425602
2023-10-30,5546.3881,5471.0,5471.0,5471.0,5471.0,75.38810000000012,0.0202677892035847
2023-10-31,5528.2385,5453.0,5453.0,5453.0,5453.0,75.23850000000039,0.0204147758820464
2023-11-01,5509.9662,5442.0,5442.0,5442.0,5442.0,67.96619999999984,0.0186135034458649
2023-11-02,5459.4517,5401.2,5401.2,5401.2,5401.2,58.2516999999998,0.0161976506846401
2023-11-03,5510.357,5449.0,5449.0,5449.0,5449.0,61.35699999999997,0.0170059531038139
2023-11-06,5605.0621,5538.6,5538.6,5538.6,5538.6,66.46209999999974,0.0182200818513504
2023-11-07,5611.0983,5541.6,5541.6,5541.6,5541.6,69.49829999999929,0.0191486975980934
2023-11-08,5608.0173,5531.6,5531.6,5531.6,5531.6,76.41730000000007,0.021196681321856
2023-11-09,5592.0568,5516.0,5516.0,5516.0,5516.0,76.0568000000003,0.0212883077451854
2023-11-10,5573.0999,5487.6,5487.6,5487.6,5487.6,85.4998999999998,0.0241629155974755
2023-11-13,5605.5688,5501.2,5501.2,5501.2,5501.2,104.3688000000002,0.0295089950348647
2023-11-14,5630.5534,5518.2,5518.2,5518.2,5518.2,112.35339999999997,0.0318257459427196
2023-11-15,5664.617,5542.6,5542.6,5542.6,5542.6,122.01699999999984,0.0345740837686217
2023-11-16,5609.3607,5494.8,5494.8,5494.8,5494.8,114.5607,0.0329912091956739
2023-11-17,5631.4233,5496.4,5496.4,5496.4,5496.4,135.02330000000077,0.0389815754496852
2023-11-20,5659.7727,5530.0,5530.0,5530.0,5530.0,129.77270000000044,0.0375201158295152
2023-11-21,5641.0844,5503.2,5503.2,5503.2,5503.2,137.8843999999999,0.0402588760499769
2023-11-22,5572.8986,5457.6,5457.6,5457.6,5457.6,115.29860000000008,0.034300452210859
2023-11-23,5622.9891,5516.6,5516.6,5516.6,5516.6,106.38909999999942,0.0315757363271524
2023-11-24,5570.4205,5460.8,5460.8,5460.8,5460.8,109.6205,0.0330607788047598
2023-11-27,5566.5069,5446.8,5446.8,5446.8,5446.8,119.70690000000012,0.0363706200350799
2023-11-28,5591.4955,5457.2,5457.2,5457.2,5457.2,134.29550000000015,0.0408951971455241
2023-11-29,5553.3349,5427.8,5427.8,5427.8,5427.8,125.53489999999964,0.0387519732898307
2023-11-30,5545.0504,5393.0,5393.0,5393.0,5393.0,152.05040000000008,0.0473292643407503
2023-12-01,5566.8689,5386.2,5386.2,5386.2,5386.2,180.66890000000055,0.0564033559827254
2023-12-04,5559.0682,5362.8,5362.8,5362.8,5362.8,196.26819999999952,0.0617854175633245
2023-12-05,5460.4088,5262.6,5262.6,5262.6,5262.6,197.8087999999998,0.0638388351185238
2023-12-06,5481.824,5281.2,5281.2,5281.2,5281.2,200.6239999999998,0.0649486298258533
2023-12-07,5481.1355,5332.6,5332.6,5332.6,5332.6,148.53549999999996,0.0484329756357345
2023-12-08,5497.9897,5355.6,5355.6,5355.6,5355.6,142.38969999999972,0.0466173045031349
2023-12-11,5564.8538,5418.8,5418.8,5418.8,5418.8,146.05379999999968,0.0475822355247969
2023-12-12,5566.1778,5425.0,5425.0,5425.0,5425.0,141.1778000000004,0.0463159727183769
2023-12-13,5507.5128,5356.6,5356.6,5356.6,5356.6,150.91280000000006,0.0504023209419007
2023-12-14,5489.3267,5344.0,5344.0,5344.0,5344.0,145.32669999999962,0.0490555292456154
2023-12-15,5449.7864,5321.8,5321.8,5321.8,5321.8,127.98639999999978,0.0438380386186633
2023-12-18,5385.2702,5296.2,5296.2,5296.2,5296.2,89.07020000000011,0.0311043171499187
2023-12-19,5379.8735,5280.0,5280.0,5280.0,5280.0,99.8734999999997,0.0351744330047908
2023-12-20,5309.2865,5235.2,5235.2,5235.2,5235.2,74.08650000000034,0.0266397120660872
2023-12-21,5338.762,5248.0,5248.0,5248.0,5248.0,90.76199999999972,0.0327033876118535
2023-12-22,5311.6902,5238.8,5238.8,5238.8,5238.8,72.89019999999982,0.0266007323301289
2023-12-25,5315.3746,5229.8,5229.8,5229.8,5229.8,85.57459999999992,0.0314500855775078
2023-12-26,5258.2841,5190.8,5190.8,5190.8,5190.8,67.48409999999967,0.0252666686219938
2023-12-27,5285.5301,5194.0,5194.0,5194.0,5194.0,91.53009999999996,0.0343615072975106
2023-12-28,5382.7966,5301.2,5301.2,5301.2,5301.2,81.59659999999985,0.0303175490599068
2023-12-29,5429.2288,5349.6,5349.6,5349.6,5349.6,79.6287999999995,0.0295680411921485
2024-01-02,5409.4554,5318.8,5318.8,5318.8,5318.8,90.65539999999964,0.0377070582742948
2024-01-03,5401.395,5304.6,5304.6,5304.6,5304.6,96.79500000000009,0.0406840845394219
2024-01-04,5355.3216,5258.0,5258.0,5258.0,5258.0,97.32160000000022,0.0416324088140325
2024-01-05,5281.8711,5187.2,5187.2,5187.2,5187.2,94.67110000000048,0.0414384657858057
2024-01-08,5167.6997,5010.2,5010.2,5010.2,5010.2,157.4997000000003,0.0711146779678394
2024-01-09,5180.653,5029.8,5029.8,5029.8,5029.8,150.8530000000001,0.0685782202777955
2024-01-10,5158.0784,5018.4,5018.4,5018.4,5018.4,139.6784000000007,0.0643777787845723
2024-01-11,5223.8633,5090.2,5090.2,5090.2,5090.2,133.66330000000016,0.0614089423052093
2024-01-12,5206.178,5070.6,5070.6,5070.6,5070.6,135.57799999999952,0.0631011700093469
2024-01-15,5193.2956,5053.6,5053.6,5053.6,5053.6,139.6956,0.0658116834738989
2024-01-16,5190.3975,5045.6,5045.6,5045.6,5045.6,144.79749999999967,0.0689224669208859
2024-01-17,5061.5395,4843.4,4843.4,4843.4,4843.4,218.13950000000025,0.1075302981405458
2024-01-18,5066.9579,4866.8,4866.8,4866.8,4866.8,200.15790000000013,0.0995464967253823
2024-01-19,5018.4332,4833.2,4833.2,4833.2,4833.2,185.23320000000055,0.0939541630063128
2024-01-22,4780.9748,4410.6,4410.6,4410.6,4410.6,370.3747999999996,0.1212549955839275
2024-01-23,4865.743,4599.4,4599.4,4599.4,4599.4,266.3430000000008,0.0862129843273681
2024-01-24,4933.7009,4702.4,4702.4,4702.4,4702.4,231.30090000000015,0.0743032691058304
2024-01-25,5073.1779,4885.0,4885.0,4885.0,4885.0,188.17789999999968,0.0591605195840517
2024-01-26,5027.0932,4804.8,4804.8,4804.8,4804.8,222.29320000000007,0.0709757726798901
2024-01-29,4927.9137,4687.8,4687.8,4687.8,4687.8,240.11369999999988,0.0787099775962141
2024-01-30,4814.9908,4545.0,4545.0,4545.0,4545.0,269.9907999999996,0.091163784677663
2024-01-31,4696.9796,4432.2,4432.2,4432.2,4432.2,264.77959999999985,0.0922456016395959
2024-02-01,4678.7308,4414.2,4414.2,4414.2,4414.2,264.53080000000045,0.0931230726579299
2024-02-02,4563.2221,4278.0,4278.0,4278.0,4278.0,285.22209999999995,0.1036259485202468
2024-02-05,4460.2635,4081.4,4081.4,4081.4,4081.4,378.86349999999993,0.1417574342712655
2024-02-06,4805.9013,4613.0,4613.0,4613.0,4613.0,192.90130000000045,0.0674325508932113
2024-02-07,5109.5685,4998.0,4998.0,4998.0,4998.0,111.56850000000033,0.0369293480568951
2024-02-08,5150.2288,4947.2,4947.2,4947.2,4947.2,203.02880000000005,0.0671227822900773
2024-02-19,5141.6037,4934.4,4934.4,4934.4,4934.4,207.20370000000003,0.0695579208124692
2024-02-20,5140.9575,4945.0,4945.0,4945.0,4945.0,195.95750000000044,0.0662445897850071
2024-02-21,5139.0372,4971.0,4971.0,4971.0,4971.0,168.03719999999976,0.0572218274660474
2024-02-22,5176.3431,5016.0,5016.0,5016.0,5016.0,160.34310000000005,0.054587313915545
2024-02-23,5197.7115,5043.0,5043.0,5043.0,5043.0,154.71150000000034,0.0528229465255466
2024-02-26,5195.4642,5021.6,5021.6,5021.6,5021.6,173.86419999999998,0.0598090959843927
2024-02-27,5307.8043,5163.4,5163.4,5163.4,5163.4,144.40430000000015,0.0489708597583374
2024-02-28,5184.0471,5031.0,5031.0,5031.0,5031.0,153.04709999999977,0.053523179774367
2024-02-29,5346.7929,5212.6,5212.6,5212.6,5212.6,134.1929,0.0458308202563495
2024-03-01,5379.0482,5259.6,5259.6,5259.6,5259.6,119.44819999999982,0.0408464339892468
2024-03-04,5388.82,5245.4,5245.4,5245.4,5245.4,143.42000000000007,0.0493148450921374
2024-03-05,5351.8268,5191.2,5191.2,5191.2,5191.2,160.6268,0.0560251115251587
2024-03-06,5350.1016,5192.0,5192.0,5192.0,5192.0,158.10159999999996,0.0555737851810001
2024-03-07,5277.2988,5128.8,5128.8,5128.8,5128.8,148.4987999999994,0.0533163192064129
2024-03-08,5349.595,5200.0,5200.0,5200.0,5200.0,149.59500000000023,0.0533854347002819
2024-03-11,5441.0507,5311.4,5311.4,5311.4,5311.4,129.65070000000014,0.0458375438405674
2024-03-12,5423.7183,5282.4,5282.4,5282.4,5282.4,141.31830000000082,0.0505078018581405
2024-03-13,5415.1126,5276.0,5276.0,5276.0,5276.0,139.11260000000038,0.0501845236813041
2024-03-14,5392.9267,5256.4,5256.4,5256.4,5256.4,136.52670000000035,0.0498406441580229
2024-03-15,5454.1463,5328.2,5328.2,5328.2,5328.2,125.94630000000052,0.0458200385458652
2024-03-18,5528.447,5417.0,5417.0,5417.0,5417.0,111.44700000000012,0.0403176515936573
2024-03-19,5478.2248,5354.2,5354.2,5354.2,5354.2,124.02480000000014,0.0456414269089505
2024-03-20,5493.414,5368.8,5368.8,5368.8,5368.8,124.61399999999958,0.0461002586827812
2024-03-21,5465.8286,5341.2,5341.2,5341.2,5341.2,124.6286,0.0467150843153843
2024-03-22,5384.5656,5242.0,5242.0,5242.0,5242.0,142.5655999999999,0.0546896046608525
2024-03-25,5294.7463,5175.0,5175.0,5175.0,5175.0,119.7462999999998,0.0471012158655744
2024-03-26,5284.4188,5142.2,5142.2,5142.2,5142.2,142.21880000000056,0.0565169967225158
2024-03-27,5156.684,5027.2,5027.2,5027.2,5027.2,129.48400000000038,0.053173979977192
2024-03-28,5223.806,5085.6,5085.6,5085.6,5085.6,138.20599999999922,0.0565012936181335
2024-03-29,5286.1612,5158.8,5158.8,5158.8,5158.8,127.36119999999936,0.0518933154685539
2024-04-01,5401.2249,5282.6,5282.6,5282.6,5282.6,118.6248999999998,0.0477118382842226
2024-04-02,5381.2291,5263.2,5263.2,5263.2,5263.2,118.02909999999974,0.0480629378890408
2024-04-03,5374.5954,5253.8,5253.8,5253.8,5253.8,120.79539999999996,0.0496821417527197
2024-04-08,5298.5912,5164.2,5164.2,5164.2,5164.2,134.39120000000003,0.0565630103765221
2024-04-09,5342.8982,5208.0,5208.0,5208.0,5208.0,134.89819999999963,0.0568082974143133
2024-04-10,5275.4727,5147.2,5147.2,5147.2,5147.2,128.27270000000044,0.0552014414361955
2024-04-11,5301.8094,5179.6,5179.6,5179.6,5179.6,122.20939999999972,0.05280661833195
2024-04-12,5277.219,5140.0,5140.0,5140.0,5140.0,137.21900000000005,0.0601150448523614
2024-04-15,5339.7223,5209.8,5209.8,5209.8,5209.8,129.92230000000018,0.0567729961038111
2024-04-16,5191.554,5071.2,5071.2,5071.2,5071.2,120.35400000000028,0.0545984000274436
2024-04-17,5339.7467,5227.0,5227.0,5227.0,5227.0,112.74669999999968,0.050197011129442
2024-04-18,5349.8361,5250.0,5250.0,5250.0,5250.0,99.83610000000044,0.0447876599434515
2024-04-19,5314.8667,5201.2,5201.2,5201.2,5201.2,113.66669999999976,0.0518212729008438
2024-04-22,5267.5811,5134.4,5134.4,5134.4,5134.4,133.1811000000007,0.0390880768259889
2024-04-23,5208.2712,5071.8,5071.8,5071.8,5071.8,136.47119999999995,0.0407598846491199
2024-04-24,5263.0391,5127.8,5127.8,5127.8,5127.8,135.23909999999978,0.040219840149838
2024-04-25,5259.3354,5128.8,5128.8,5128.8,5128.8,130.53539999999975,0.0390911093063202
2024-04-26,5372.1209,5268.4,5268.4,5268.4,5268.4,103.72090000000026,0.0306001753440497
2024-04-29,5478.4908,5380.0,5380.0,5380.0,5380.0,98.49079999999958,0.0286733332481023
2024-04-30,5441.1411,5339.2,5339.2,5339.2,5339.2,101.9411,0.0300718547981675
2024-05-06,5528.6036,5427.8,5427.8,5427.8,5427.8,100.8036000000002,0.0294534744027198
2024-05-07,5527.0847,5413.8,5413.8,5413.8,5413.8,113.28470000000016,0.0333229914368839
2024-05-08,5458.7559,5335.4,5335.4,5335.4,5335.4,123.35590000000047,0.0369782259527138
2024-05-09,5556.7712,5436.6,5436.6,5436.6,5436.6,120.17119999999976,0.0356194322512536
2024-05-10,5535.3954,5416.6,5416.6,5416.6,5416.6,118.79539999999996,0.035580162606099
2024-05-13,5505.2595,5380.0,5380.0,5380.0,5380.0,125.25950000000012,0.0379713879737841
2024-05-14,5500.7379,5372.8,5372.8,5372.8,5372.8,127.9378999999999,0.0390739707849013
2024-05-15,5446.6557,5325.0,5325.0,5325.0,5325.0,121.65570000000024,0.037776073202044
2024-05-16,5424.6652,5293.6,5293.6,5293.6,5293.6,131.0652,0.0411389573443666
2024-05-17,5491.8944,5380.8,5380.8,5380.8,5380.8,111.09439999999996,0.0346779324193019
2024-05-20,5523.5013,5391.4,5391.4,5391.4,5391.4,132.10130000000026,0.0412800596269795
2024-05-21,5478.9131,5361.8,5361.8,5361.8,5361.8,117.11309999999958,0.037148698531919
2024-05-22,5468.6068,5341.2,5341.2,5341.2,5341.2,127.40679999999976,0.040771243600838
2024-05-23,5362.3053,5249.6,5249.6,5249.6,5249.6,112.70529999999962,0.0370388339627613
2024-05-24,5313.4546,5190.0,5190.0,5190.0,5190.0,123.45460000000004,0.0412327688036372
2024-05-27,5371.3693,5236.2,5236.2,5236.2,5236.2,135.16930000000048,0.044975342594315
2024-05-28,5316.1286,5189.8,5189.8,5189.8,5189.8,126.32859999999982,0.0427738862449639
2024-05-29,5328.3064,5199.8,5199.8,5199.8,5199.8,128.5064000000002,0.0437241431263556
2024-05-30,5308.66,5195.2,5195.2,5195.2,5195.2,113.46000000000004,0.0390282719343406
2024-05-31,5308.5403,5194.2,5194.2,5194.2,5194.2,114.34029999999984,0.039619061372032
2024-06-03,5274.0687,5145.8,5145.8,5145.8,5145.8,128.26869999999963,0.0450647060934857
2024-06-04,5341.9496,5209.0,5209.0,5209.0,5209.0,132.94959999999992,0.0464573058994541
2024-06-05,5277.9405,5154.8,5154.8,5154.8,5154.8,123.14049999999952,0.04387651901654
2024-06-06,5228.8002,5120.0,5120.0,5120.0,5120.0,108.80019999999968,0.0394254397726691
2024-06-07,5208.9798,5087.0,5087.0,5087.0,5087.0,121.97980000000008,0.0447055923067176
2024-06-11,5217.4702,5105.0,5105.0,5105.0,5105.0,112.47019999999976,0.0414673932492451
2024-06-12,5232.9534,5108.8,5108.8,5108.8,5108.8,124.15340000000016,0.0459905855017227
2024-06-13,5194.59,5076.0,5076.0,5076.0,5076.0,118.59000000000016,0.0445972032530982
2024-06-14,5213.0927,5111.4,5111.4,5111.4,5111.4,101.69270000000051,0.0384047464041836
2024-06-17,5207.128,5098.8,5098.8,5098.8,5098.8,108.32799999999952,0.0412799622448485
2024-06-18,5230.8913,5127.8,5127.8,5127.8,5127.8,103.09130000000005,0.039416341914809
2024-06-19,5168.8204,5068.4,5068.4,5068.4,5068.4,100.42039999999996,0.0391670653520869
2024-06-20,5094.5653,4991.8,4991.8,4991.8,4991.8,102.76530000000002,0.0409938036670998
2024-06-21,5102.3292,4993.6,4993.6,4993.6,4993.6,108.72919999999976,0.0436589358865033
2024-06-24,4992.9097,4891.6,4891.6,4891.6,4891.6,101.3096999999998,0.0419119654850543
2024-06-25,4948.6343,4848.0,4848.0,4848.0,4848.0,100.63429999999973,0.042352186803846
2024-06-26,5020.4318,4908.2,4908.2,4908.2,4908.2,112.23180000000048,0.046945519706094
2024-06-27,4928.0514,4828.0,4828.0,4828.0,4828.0,100.05140000000029,0.0429933731902993
2024-06-28,4942.7817,4826.0,4826.0,4826.0,4826.0,116.78169999999956,0.0504570547349198
2024-07-01,5003.1608,4878.0,4878.0,4878.0,4878.0,125.16079999999964,0.0538813598979882
2024-07-02,4949.4771,4837.6,4837.6,4837.6,4837.6,111.8770999999997,0.0491048549699145
2024-07-03,4910.9245,4793.0,4793.0,4793.0,4793.0,117.92450000000008,0.0526191085945665
2024-07-04,4834.4982,4715.2,4715.2,4715.2,4715.2,119.29820000000018,0.0545479178224363
2024-07-05,4866.2647,4744.2,4744.2,4744.2,4744.2,122.0646999999999,0.0559392264842971
2024-07-08,4783.6165,4667.4,4667.4,4667.4,4667.4,116.21650000000044,0.0546630619323269
2024-07-09,4876.899,4753.0,4753.0,4753.0,4753.0,123.89900000000034,0.0576768590483864
2024-07-10,4844.1624,4740.8,4740.8,4740.8,4740.8,103.36239999999998,0.0488823128262961
2024-07-11,4939.7318,4836.4,4836.4,4836.4,4836.4,103.33179999999992,0.0483620462177073
2024-07-12,4919.3639,4816.2,4816.2,4816.2,4816.2,103.16390000000048,0.048932295223508
2024-07-15,4883.8971,4764.2,4764.2,4764.2,4764.2,119.69710000000032,0.0577210053150567
2024-07-16,4898.3626,4770.2,4770.2,4770.2,4770.2,128.16260000000057,0.0622021010210677
2024-07-17,4856.5794,4742.0,4742.0,4742.0,4742.0,114.57939999999962,0.0566222720460411
2024-07-18,4877.6916,4772.0,4772.0,4772.0,4772.0,105.69160000000012,0.0525041142254826
2024-07-19,4872.0532,4772.0,4772.0,4772.0,4772.0,100.05320000000027,0.0502437767711688
2024-07-22,4865.9778,4704.4,4704.4,4704.4,4704.4,161.57780000000002,0.0501066810466727
2024-07-23,4722.7994,4570.0,4570.0,4570.0,4570.0,152.79939999999988,0.0491150513273459
2024-07-24,4668.0621,4495.4,4495.4,4495.4,4495.4,172.66210000000046,0.0564907044324961
2024-07-25,4665.4488,4484.0,4484.0,4484.0,4484.0,181.4488000000001,0.0597609324812883
2024-07-26,4736.3771,4564.8,4564.8,4564.8,4564.8,171.57709999999952,0.0560048949312946
2024-07-29,4708.8443,4540.0,4540.0,4540.0,4540.0,168.84429999999975,0.0557773143802797
2024-07-30,4699.282,4530.0,4530.0,4530.0,4530.0,169.28200000000015,0.0563837476522547
2024-07-31,4886.4136,4764.2,4764.2,4764.2,4764.2,122.21360000000004,0.0393921668849317
2024-08-01,4852.9725,4706.4,4706.4,4706.4,4706.4,146.57250000000022,0.0478683085275386
2024-08-02,4788.6159,4643.8,4643.8,4643.8,4643.8,144.8158999999996,0.0482336023101598
2024-08-05,4693.8478,4547.2,4547.2,4547.2,4547.2,146.64779999999973,0.0501472863982307
2024-08-06,4750.776,4599.8,4599.8,4599.8,4599.8,150.97599999999966,0.051335678148645
2024-08-07,4751.9408,4595.0,4595.0,4595.0,4595.0,156.9408000000003,0.0536949797777974
2024-08-08,4755.8149,4619.6,4619.6,4619.6,4619.6,136.21489999999994,0.0468683314590122
2024-08-09,4720.3104,4568.8,4568.8,4568.8,4568.8,151.51040000000012,0.0528665532623597
2024-08-12,4714.1586,4582.6,4582.6,4582.6,4582.6,131.5585999999994,0.0462670709734532
2024-08-13,4731.8353,4592.0,4592.0,4592.0,4592.0,139.83529999999973,0.0493186059391798
2024-08-14,4667.0731,4512.6,4512.6,4512.6,4512.6,154.47309999999925,0.0556054731604694
2024-08-15,4698.375,4548.6,4548.6,4548.6,4548.6,149.77499999999964,0.0539145424226531
2024-08-16,4670.3789,4532.0,4532.0,4532.0,4532.0,138.3788999999997,0.050449467178568
2024-08-19,4682.9628,4550.6,4550.6,4550.6,4550.6,132.36279999999988,0.0484538670994475
2024-08-20,4602.0095,4462.0,4462.0,4462.0,4462.0,140.00950000000012,0.0525118935275367
2024-08-21,4587.1218,4462.0,4462.0,4462.0,4462.0,125.1217999999999,0.0474051199840267
2024-08-22,4533.3695,4403.8,4403.8,4403.8,4403.8,129.5694999999996,0.0500172388330576
2024-08-23,4537.0872,4412.0,4412.0,4412.0,4412.0,125.08719999999994,0.0485847808727562
2024-08-26,4544.3594,4417.8,4417.8,4417.8,4417.8,126.5594000000001,0.0494235495174492
2024-08-27,4495.2856,4374.4,4374.4,4374.4,4374.4,120.88560000000052,0.0480616536520992
2024-08-28,4500.0088,4375.8,4375.8,4375.8,4375.8,124.20879999999944,0.0496834228413062
2024-08-29,4557.9006,4442.6,4442.6,4442.6,4442.6,115.30059999999958,0.0458619438289117
2024-08-30,4639.1144,4521.2,4521.2,4521.2,4521.2,117.91440000000055,0.0464144509620387
2024-09-02,4546.8832,4417.0,4417.0,4417.0,4417.0,129.88320000000022,0.0525435189968417
2024-09-03,4596.4819,4460.6,4460.6,4460.6,4460.6,135.8818999999994,0.0547769300792977
2024-09-04,4582.084,4455.4,4455.4,4455.4,4455.4,126.6840000000002,0.0516090058584697
2024-09-05,4601.0911,4477.0,4477.0,4477.0,4477.0,124.09109999999964,0.0507195678518091
2024-09-06,4537.4544,4404.6,4404.6,4404.6,4404.6,132.85439999999926,0.0554769489949668
2024-09-09,4507.1866,4373.4,4373.4,4373.4,4373.4,133.78660000000036,0.0566674523344967
2024-09-10,4507.7074,4372.6,4372.6,4372.6,4372.6,135.10739999999987,0.057657082625919
2024-09-11,4514.9158,4381.0,4381.0,4381.0,4381.0,133.91579999999976,0.0574962278792236
2024-09-12,4496.5919,4372.2,4372.2,4372.2,4372.2,124.39190000000052,0.0540405123783991
2024-09-13,4450.9587,4322.4,4322.4,4322.4,4322.4,128.5587000000005,0.0568641404434961
2024-09-18,4462.8701,4330.2,4330.2,4330.2,4330.2,132.67010000000028,0.0589869077942946
2024-09-19,4520.3939,4407.0,4407.0,4407.0,4407.0,113.39390000000004,0.0501699199266683
